{
  "ogmoVersion": "3.4.0",
  "width": 480,
  "height": 360,
  "offsetX": 0,
  "offsetY": 0,
  "layers": [
    {
      "name": "grid_layer",
      "_eid": "83397346",
      "offsetX": 0,
      "offsetY": 0,
      "gridCellWidth": 32,
      "gridCellHeight": 32,
      "gridCellsX": 15,
      "gridCellsY": 13,
      "grid": ["1", "1", "1", "1", "0", "0", "0", "1", "1", "1", "1", "1", "0", "0", "1", "0", "0", "0", "0", "0", "0", "0", "0", "0", "0", "0", "0", "0", "0", "0", "0", "0", "0", "0", "0", "0", "0", "0", "0", "0", "0", "0", "0", "0", "0", "0", "0", "0", "0", "0", "0", "0", "0", "0", "0", "0", "0", "0", "0", "0", "0", "0", "0", "0", "0", "2", "0", "3", "0", "0", "0", "0", "0", "0", "0", "1", "0", "0", "1", "1", "1", "1", "1", "1", "0", "0", "0", "0", "0", "1", "1", "0", "0", "0", "0", "0", "0", "0", "0", "0", "0", "0", "0", "0", "1", "1", "0", "0", "0", "0", "0", "0", "0", "0", "0", "0", "0", "0", "0", "1", "1", "0", "3", "0", "0", "0", "0", "0", "0", "0", "0", "0", "0", "0", "1", "1", "1", "1", "1", "0", "0", "0", "0", "0", "0", "1", "1", "0", "0", "1", "1", "1", "1", "1", "0", "0", "0", "0", "3", "0", "1", "1", "0", "0", "1", "1", "1", "1", "1", "0", "0", "0", "1", "1", "1", "1", "1", "0", "0", "1"],
      "arrayMode": 0
    }
  ]
}